greeting,emoji,days,hours,weight,style
# Early morning,,,,,
"Hey, early bird",🐦,*,05-08,3,
"Good morning, {name}",🥱,*,05-12,2,
Coffee and Crunch time?,☕,*,05-08,2,
Coffee and Crunch time?,☕,*,08-12,1,
Cuppa whilst browsing?,🫖,*,05-08,2,
Cuppa whilst browsing?,🫖,*,08-17,1,
You're here!,🥹,*,05-12 17-21,1,
# Morning,,,,,
"Hey there, {name}",🫵,*,08-12,2,
"Welcome, {name}",😎,*,08-12,2,
What shall we think through?,🫪,*,08-12,1,
# Weekday mornings,,,,,
"Happy Monday, {name}",🫩,Mon,05-12,3,
"New week, {name}",📆,Mon,05-12,1,
"Happy Tuesday, {name}",😮‍💨,Tue,05-12,2.5,
"Happy Wednesday, {name}",💼,Wed,05-12,2.5,
"Happy Thursday, {name}",📑,Thu,05-12,2.5,
"Happy Friday, {name}",🍕,Fri,05-12,3,
"That Friday feeling, {name}",🍕,Fri,05-12,3,
"Happy Saturday, {name}!",🥳,Sat,05-12,5,
"Welcome to the weekend, {name}",🎉,Sat,05-12,5,
"What's on your mind, {name}?",🧠,Sat,05-12,5,
"Happy Sunday, {name}",🧳,Sun,05-12,10,
"Sunday session, {name}?",🫣,Sun,05-12,10,
"Welcome to the weekend, {name}",🎉,Sun,05-12,10,
"What's on your mind, {name}?",🧠,Sun,05-12,10,
# Afternoon,,,,,
"Good afternoon, {name}",😋,*,12-17,2,
"Afternoon, {name}",🧐,*,12-17,1,
"Back at it, {name}!",😲,*,12-17,1,
"Hi {name}, how are you?",😸,*,12-17,1,
"What are we thinking about, {name}?",🤔,*,12-17,1,
"What's new, {name}?",✨,*,12-17,1,
How are things?,👀,*,12-24,1,
"Greetings, whoever you are",🥸,*,12-05,1,
# Evening,,,,,
"Good evening, {name}",😉,*,17-21,2,
"Evening, {name}",🫡,*,17-21,2,
"How was your day, {name}?",🕵️‍♂️,*,17-21,1,
{name} returns!,📣,*,17-21,1,
Here we go!,🥡,*,17-21,1,
# Night,,,,,
"Hello, night owl",🦉,*,21-05,2,
Moonlit browse?,🌝,*,21-05,2,
What's on your mind tonight?,🫠,*,21-05,2,
"How's it going, {name}?",👂,*,21-24,2,
"How's it going, {name}?",👂,*,00-05,1,
"Up late, {name}?",😪,*,00-05,2,
